Data Source,World Development Indicators,,,,,,,,,,,,,,,,,,,,,,,,,,,,,,,,,,,,,,,,,,,,,,,,,,,,,,,,,,,,,
,,,,,,,,,,,,,,,,,,,,,,,,,,,,,,,,,,,,,,,,,,,,,,,,,,,,,,,,,,,,,,
Last Updated Date,1/30/19,,,,,,,,,,,,,,,,,,,,,,,,,,,,,,,,,,,,,,,,,,,,,,,,,,,,,,,,,,,,,
,,,,,,,,,,,,,,,,,,,,,,,,,,,,,,,,,,,,,,,,,,,,,,,,,,,,,,,,,,,,,,
Country Name,Country Code,Indicator Name,Indicator Code,1960,1961,1962,1963,1964,1965,1966,1967,1968,1969,1970,1971,1972,1973,1974,1975,1976,1977,1978,1979,1980,1981,1982,1983,1984,1985,1986,1987,1988,1989,1990,1991,1992,1993,1994,1995,1996,1997,1998,1999,2000,2001,2002,2003,2004,2005,2006,2007,2008,2009,2010,2011,2012,2013,2014,2015,2016,2017,2018
Aruba,ABW,"Incidence of malaria (per 1,000 population at risk)",SH.MLR.INCD.P3,,,,,,,,,,,,,,,,,,,,,,,,,,,,,,,,,,,,,,,,,,,,,,,,,,,,,,,,,,,
Afghanistan,AFG,"Incidence of malaria (per 1,000 population at risk)",SH.MLR.INCD.P3,,,,,,,,,,,,,,,,,,,,,,,,,,,,,,,,,,,,,,,,,92.64,,,,,,,,,,15.92,19.86,11.76,8.75,11.26,14.22,23,23.01,
Angola,AGO,"Incidence of malaria (per 1,000 population at risk)",SH.MLR.INCD.P3,,,,,,,,,,,,,,,,,,,,,,,,,,,,,,,,,,,,,,,,,222.39,,,,,,,,,,133.76,125.54,123.99,130.2,139.97,154.48,155.66,154.97,
Albania,ALB,"Incidence of malaria (per 1,000 population at risk)",SH.MLR.INCD.P3,,,,,,,,,,,,,,,,,,,,,,,,,,,,,,,,,,,,,,,,,,,,,,,,,,,,,,,,,,,
Andorra,AND,"Incidence of malaria (per 1,000 population at risk)",SH.MLR.INCD.P3,,,,,,,,,,,,,,,,,,,,,,,,,,,,,,,,,,,,,,,,,,,,,,,,,,,,,,,,,,,
Arab World,ARB,"Incidence of malaria (per 1,000 population at risk)",SH.MLR.INCD.P3,,,,,,,,,,,,,,,,,,,,,,,,,,,,,,,,,,,,,,,,,,,,,,,,,,,,,,,,,,,
United Arab Emirates,ARE,"Incidence of malaria (per 1,000 population at risk)",SH.MLR.INCD.P3,,,,,,,,,,,,,,,,,,,,,,,,,,,,,,,,,,,,,,,,,,,,,,,,,,,,,,,,,,,
Argentina,ARG,"Incidence of malaria (per 1,000 population at risk)",SH.MLR.INCD.P3,,,,,,,,,,,,,,,,,,,,,,,,,,,,,,,,,,,,,,,,,2.37,,,,,,,,,,0.07,0,0,0,0,0,0,0,
Armenia,ARM,"Incidence of malaria (per 1,000 population at risk)",SH.MLR.INCD.P3,,,,,,,,,,,,,,,,,,,,,,,,,,,,,,,,,,,,,,,,,,,,,,,,,,,,,,,,,,,
American Samoa,ASM,"Incidence of malaria (per 1,000 population at risk)",SH.MLR.INCD.P3,,,,,,,,,,,,,,,,,,,,,,,,,,,,,,,,,,,,,,,,,,,,,,,,,,,,,,,,,,,
Antigua and Barbuda,ATG,"Incidence of malaria (per 1,000 population at risk)",SH.MLR.INCD.P3,,,,,,,,,,,,,,,,,,,,,,,,,,,,,,,,,,,,,,,,,,,,,,,,,,,,,,,,,,,
Australia,AUS,"Incidence of malaria (per 1,000 population at risk)",SH.MLR.INCD.P3,,,,,,,,,,,,,,,,,,,,,,,,,,,,,,,,,,,,,,,,,,,,,,,,,,,,,,,,,,,
Austria,AUT,"Incidence of malaria (per 1,000 population at risk)",SH.MLR.INCD.P3,,,,,,,,,,,,,,,,,,,,,,,,,,,,,,,,,,,,,,,,,,,,,,,,,,,,,,,,,,,
Azerbaijan,AZE,"Incidence of malaria (per 1,000 population at risk)",SH.MLR.INCD.P3,,,,,,,,,,,,,,,,,,,,,,,,,,,,,,,,,,,,,,,,,8.17,,,,,,,,,,0.24,0.02,0.01,0,0,0,0,0,
Burundi,BDI,"Incidence of malaria (per 1,000 population at risk)",SH.MLR.INCD.P3,,,,,,,,,,,,,,,,,,,,,,,,,,,,,,,,,,,,,,,,,418.61,,,,,,,,,,183.52,171.05,161.09,160.34,170.65,191.91,195.1,194.5,
Belgium,BEL,"Incidence of malaria (per 1,000 population at risk)",SH.MLR.INCD.P3,,,,,,,,,,,,,,,,,,,,,,,,,,,,,,,,,,,,,,,,,,,,,,,,,,,,,,,,,,,
Benin,BEN,"Incidence of malaria (per 1,000 population at risk)",SH.MLR.INCD.P3,,,,,,,,,,,,,,,,,,,,,,,,,,,,,,,,,,,,,,,,,368.65,,,,,,,,,,403.66,371.63,339.98,321.8,329.32,358.15,368.57,367.91,
Burkina Faso,BFA,"Incidence of malaria (per 1,000 population at risk)",SH.MLR.INCD.P3,,,,,,,,,,,,,,,,,,,,,,,,,,,,,,,,,,,,,,,,,607.11,,,,,,,,,,590.95,579.56,556.89,511.7,469.63,429.04,411.62,411.99,
Bangladesh,BGD,"Incidence of malaria (per 1,000 population at risk)",SH.MLR.INCD.P3,,,,,,,,,,,,,,,,,,,,,,,,,,,,,,,,,,,,,,,,,5.55,,,,,,,,,,6.96,6.18,2.11,1.48,3.15,2.59,1.78,1.86,
Bulgaria,BGR,"Incidence of malaria (per 1,000 population at risk)",SH.MLR.INCD.P3,,,,,,,,,,,,,,,,,,,,,,,,,,,,,,,,,,,,,,,,,,,,,,,,,,,,,,,,,,,
Bahrain,BHR,"Incidence of malaria (per 1,000 population at risk)",SH.MLR.INCD.P3,,,,,,,,,,,,,,,,,,,,,,,,,,,,,,,,,,,,,,,,,,,,,,,,,,,,,,,,,,,
"Bahamas, The",BHS,"Incidence of malaria (per 1,000 population at risk)",SH.MLR.INCD.P3,,,,,,,,,,,,,,,,,,,,,,,,,,,,,,,,,,,,,,,,,,,,,,,,,,,,,,,,,,,
Bosnia and Herzegovina,BIH,"Incidence of malaria (per 1,000 population at risk)",SH.MLR.INCD.P3,,,,,,,,,,,,,,,,,,,,,,,,,,,,,,,,,,,,,,,,,,,,,,,,,,,,,,,,,,,
Belarus,BLR,"Incidence of malaria (per 1,000 population at risk)",SH.MLR.INCD.P3,,,,,,,,,,,,,,,,,,,,,,,,,,,,,,,,,,,,,,,,,,,,,,,,,,,,,,,,,,,
Belize,BLZ,"Incidence of malaria (per 1,000 population at risk)",SH.MLR.INCD.P3,,,,,,,,,,,,,,,,,,,,,,,,,,,,,,,,,,,,,,,,,8.71,,,,,,,,,,0.68,0.32,0.14,0.08,0.08,0.04,0.02,0.03,
Bermuda,BMU,"Incidence of malaria (per 1,000 population at risk)",SH.MLR.INCD.P3,,,,,,,,,,,,,,,,,,,,,,,,,,,,,,,,,,,,,,,,,,,,,,,,,,,,,,,,,,,
Bolivia,BOL,"Incidence of malaria (per 1,000 population at risk)",SH.MLR.INCD.P3,,,,,,,,,,,,,,,,,,,,,,,,,,,,,,,,,,,,,,,,,11.7,,,,,,,,,,4.36,2.23,2.48,2.41,2.4,2.01,1.6,1.3,
Brazil,BRA,"Incidence of malaria (per 1,000 population at risk)",SH.MLR.INCD.P3,,,,,,,,,,,,,,,,,,,,,,,,,,,,,,,,,,,,,,,,,21.23,,,,,,,,,,9.63,6.98,6.28,4.73,3.54,3.8,3.17,5.13,
Barbados,BRB,"Incidence of malaria (per 1,000 population at risk)",SH.MLR.INCD.P3,,,,,,,,,,,,,,,,,,,,,,,,,,,,,,,,,,,,,,,,,,,,,,,,,,,,,,,,,,,
Brunei Darussalam,BRN,"Incidence of malaria (per 1,000 population at risk)",SH.MLR.INCD.P3,,,,,,,,,,,,,,,,,,,,,,,,,,,,,,,,,,,,,,,,,,,,,,,,,,,,,,,,,,,
Bhutan,BTN,"Incidence of malaria (per 1,000 population at risk)",SH.MLR.INCD.P3,,,,,,,,,,,,,,,,,,,,,,,,,,,,,,,,,,,,,,,,,13.99,,,,,,,,,,0.98,0.42,,0.03,0.03,0.06,0.03,0.02,
Botswana,BWA,"Incidence of malaria (per 1,000 population at risk)",SH.MLR.INCD.P3,,,,,,,,,,,,,,,,,,,,,,,,,,,,,,,,,,,,,,,,,22.82,,,,,,,,,,2.3,0.5,0.22,0.51,1.44,0.35,0.77,1.97,
Central African Republic,CAF,"Incidence of malaria (per 1,000 population at risk)",SH.MLR.INCD.P3,,,,,,,,,,,,,,,,,,,,,,,,,,,,,,,,,,,,,,,,,395.73,,,,,,,,,,481.26,473.34,450.69,419.05,395.73,386.75,387.55,387.32,
Canada,CAN,"Incidence of malaria (per 1,000 population at risk)",SH.MLR.INCD.P3,,,,,,,,,,,,,,,,,,,,,,,,,,,,,,,,,,,,,,,,,,,,,,,,,,,,,,,,,,,
Central Europe and the Baltics,CEB,"Incidence of malaria (per 1,000 population at risk)",SH.MLR.INCD.P3,,,,,,,,,,,,,,,,,,,,,,,,,,,,,,,,,,,,,,,,,,,,,,,,,,,,,,,,,,,
Switzerland,CHE,"Incidence of malaria (per 1,000 population at risk)",SH.MLR.INCD.P3,,,,,,,,,,,,,,,,,,,,,,,,,,,,,,,,,,,,,,,,,,,,,,,,,,,,,,,,,,,
Channel Islands,CHI,"Incidence of malaria (per 1,000 population at risk)",SH.MLR.INCD.P3,,,,,,,,,,,,,,,,,,,,,,,,,,,,,,,,,,,,,,,,,,,,,,,,,,,,,,,,,,,
Chile,CHL,"Incidence of malaria (per 1,000 population at risk)",SH.MLR.INCD.P3,,,,,,,,,,,,,,,,,,,,,,,,,,,,,,,,,,,,,,,,,,,,,,,,,,,,,,,,,,,
China,CHN,"Incidence of malaria (per 1,000 population at risk)",SH.MLR.INCD.P3,,,,,,,,,,,,,,,,,,,,,,,,,,,,,,,,,,,,,,,,,0.01,,,,,,,,,,0.01,0.01,0,0,0,0,0,0,
Cote d'Ivoire,CIV,"Incidence of malaria (per 1,000 population at risk)",SH.MLR.INCD.P3,,,,,,,,,,,,,,,,,,,,,,,,,,,,,,,,,,,,,,,,,514.62,,,,,,,,,,389.18,360.17,275.85,197.23,159.46,146.95,140.1,138.86,
Cameroon,CMR,"Incidence of malaria (per 1,000 population at risk)",SH.MLR.INCD.P3,,,,,,,,,,,,,,,,,,,,,,,,,,,,,,,,,,,,,,,,,376.93,,,,,,,,,,268.46,266.18,292.57,321.41,327.47,316.34,306.16,303.8,
"Congo, Dem. Rep.",COD,"Incidence of malaria (per 1,000 population at risk)",SH.MLR.INCD.P3,,,,,,,,,,,,,,,,,,,,,,,,,,,,,,,,,,,,,,,,,463.53,,,,,,,,,,367.18,337.79,323.03,315.33,312.41,317.07,310.59,307.62,
"Congo, Rep.",COG,"Incidence of malaria (per 1,000 population at risk)",SH.MLR.INCD.P3,,,,,,,,,,,,,,,,,,,,,,,,,,,,,,,,,,,,,,,,,344.88,,,,,,,,,,190.54,190.83,197.8,205.39,208.95,208.99,201.08,197.63,
Colombia,COL,"Incidence of malaria (per 1,000 population at risk)",SH.MLR.INCD.P3,,,,,,,,,,,,,,,,,,,,,,,,,,,,,,,,,,,,,,,,,23.36,,,,,,,,,,16.12,8.15,8.08,6.87,5.37,6.79,10.69,7.4,
Comoros,COM,"Incidence of malaria (per 1,000 population at risk)",SH.MLR.INCD.P3,,,,,,,,,,,,,,,,,,,,,,,,,,,,,,,,,,,,,,,,,65.1,,,,,,,,,,52.98,35.18,68.85,71.69,2.9,1.67,1.44,3.97,
Cabo Verde,CPV,"Incidence of malaria (per 1,000 population at risk)",SH.MLR.INCD.P3,,,,,,,,,,,,,,,,,,,,,,,,,,,,,,,,,,,,,,,,,1.27,,,,,,,,,,0.36,0.05,0.01,0.16,0.19,0.05,0.34,2.98,
Costa Rica,CRI,"Incidence of malaria (per 1,000 population at risk)",SH.MLR.INCD.P3,,,,,,,,,,,,,,,,,,,,,,,,,,,,,,,,,,,,,,,,,1.37,,,,,,,,,,0.07,0.01,0,0,0,0,0,0.01,
Caribbean small states,CSS,"Incidence of malaria (per 1,000 population at risk)",SH.MLR.INCD.P3,,,,,,,,,,,,,,,,,,,,,,,,,,,,,,,,,,,,,,,,,,,,,,,,,,,,,,,,,,,
Cuba,CUB,"Incidence of malaria (per 1,000 population at risk)",SH.MLR.INCD.P3,,,,,,,,,,,,,,,,,,,,,,,,,,,,,,,,,,,,,,,,,,,,,,,,,,,,,,,,,,,
Curacao,CUW,"Incidence of malaria (per 1,000 population at risk)",SH.MLR.INCD.P3,,,,,,,,,,,,,,,,,,,,,,,,,,,,,,,,,,,,,,,,,,,,,,,,,,,,,,,,,,,
Cayman Islands,CYM,"Incidence of malaria (per 1,000 population at risk)",SH.MLR.INCD.P3,,,,,,,,,,,,,,,,,,,,,,,,,,,,,,,,,,,,,,,,,,,,,,,,,,,,,,,,,,,
Cyprus,CYP,"Incidence of malaria (per 1,000 population at risk)",SH.MLR.INCD.P3,,,,,,,,,,,,,,,,,,,,,,,,,,,,,,,,,,,,,,,,,,,,,,,,,,,,,,,,,,,
Czech Republic,CZE,"Incidence of malaria (per 1,000 population at risk)",SH.MLR.INCD.P3,,,,,,,,,,,,,,,,,,,,,,,,,,,,,,,,,,,,,,,,,,,,,,,,,,,,,,,,,,,
Germany,DEU,"Incidence of malaria (per 1,000 population at risk)",SH.MLR.INCD.P3,,,,,,,,,,,,,,,,,,,,,,,,,,,,,,,,,,,,,,,,,,,,,,,,,,,,,,,,,,,
Djibouti,DJI,"Incidence of malaria (per 1,000 population at risk)",SH.MLR.INCD.P3,,,,,,,,,,,,,,,,,,,,,,,,,,,,,,,,,,,,,,,,,12.67,,,,,,,,,,1.72,1.36,1.35,1.56,1.85,2.26,0.02,0.03,
Dominica,DMA,"Incidence of malaria (per 1,000 population at risk)",SH.MLR.INCD.P3,,,,,,,,,,,,,,,,,,,,,,,,,,,,,,,,,,,,,,,,,,,,,,,,,,,,,,,,,,,
Denmark,DNK,"Incidence of malaria (per 1,000 population at risk)",SH.MLR.INCD.P3,,,,,,,,,,,,,,,,,,,,,,,,,,,,,,,,,,,,,,,,,,,,,,,,,,,,,,,,,,,
Dominican Republic,DOM,"Incidence of malaria (per 1,000 population at risk)",SH.MLR.INCD.P3,,,,,,,,,,,,,,,,,,,,,,,,,,,,,,,,,,,,,,,,,0.31,,,,,,,,,,0.78,0.36,0.21,0.13,0.1,0.13,0.15,0.07,
Algeria,DZA,"Incidence of malaria (per 1,000 population at risk)",SH.MLR.INCD.P3,,,,,,,,,,,,,,,,,,,,,,,,,,,,,,,,,,,,,,,,,0.3,,,,,,,,,,0,0,0.02,0,0,0,0,0,
East Asia & Pacific (excluding high income),EAP,"Incidence of malaria (per 1,000 population at risk)",SH.MLR.INCD.P3,,,,,,,,,,,,,,,,,,,,,,,,,,,,,,,,,,,,,,,,,7.090663171,,,,,,,,,,6.678484343,5.379863067,6.158413946,4.660353481,4.190593796,3.020270987,3.117152719,3.292117893,
Early-demographic dividend,EAR,"Incidence of malaria (per 1,000 population at risk)",SH.MLR.INCD.P3,,,,,,,,,,,,,,,,,,,,,,,,,,,,,,,,,,,,,,,,,28.49843148,,,,,,,,,,26.02809311,21.59624015,19.97271935,17.41425761,17.07028755,16.6950807,17.68506099,16.1517991,
East Asia & Pacific,EAS,"Incidence of malaria (per 1,000 population at risk)",SH.MLR.INCD.P3,,,,,,,,,,,,,,,,,,,,,,,,,,,,,,,,,,,,,,,,,7.069774453,,,,,,,,,,6.656866265,5.362027281,6.13787944,4.64497038,4.177023011,3.010745446,3.107306187,3.281558267,
Europe & Central Asia (excluding high income),ECA,"Incidence of malaria (per 1,000 population at risk)",SH.MLR.INCD.P3,,,,,,,,,,,,,,,,,,,,,,,,,,,,,,,,,,,,,,,,,,,,,,,,,,,,,,,,,,,
Europe & Central Asia,ECS,"Incidence of malaria (per 1,000 population at risk)",SH.MLR.INCD.P3,,,,,,,,,,,,,,,,,,,,,,,,,,,,,,,,,,,,,,,,,,,,,,,,,,,,,,,,,,,
Ecuador,ECU,"Incidence of malaria (per 1,000 population at risk)",SH.MLR.INCD.P3,,,,,,,,,,,,,,,,,,,,,,,,,,,,,,,,,,,,,,,,,284.03,,,,,,,,,,4.34,2.76,1.21,0.81,0.52,1.31,2.49,2.63,
"Egypt, Arab Rep.",EGY,"Incidence of malaria (per 1,000 population at risk)",SH.MLR.INCD.P3,,,,,,,,,,,,,,,,,,,,,,,,,,,,,,,,,,,,,,,,,,,,,,,,,,,,,,,,,,,
Euro area,EMU,"Incidence of malaria (per 1,000 population at risk)",SH.MLR.INCD.P3,,,,,,,,,,,,,,,,,,,,,,,,,,,,,,,,,,,,,,,,,,,,,,,,,,,,,,,,,,,
Eritrea,ERI,"Incidence of malaria (per 1,000 population at risk)",SH.MLR.INCD.P3,,,,,,,,,,,,,,,,,,,,,,,,,,,,,,,,,,,,,,,,,13.65,,,,,,,,,,19.01,17.14,11.51,10.6,23.11,13.24,17.47,22.87,
Spain,ESP,"Incidence of malaria (per 1,000 population at risk)",SH.MLR.INCD.P3,,,,,,,,,,,,,,,,,,,,,,,,,,,,,,,,,,,,,,,,,,,,,,,,,,,,,,,,,,,
Estonia,EST,"Incidence of malaria (per 1,000 population at risk)",SH.MLR.INCD.P3,,,,,,,,,,,,,,,,,,,,,,,,,,,,,,,,,,,,,,,,,,,,,,,,,,,,,,,,,,,
Ethiopia,ETH,"Incidence of malaria (per 1,000 population at risk)",SH.MLR.INCD.P3,,,,,,,,,,,,,,,,,,,,,,,,,,,,,,,,,,,,,,,,,110.77,,,,,,,,,,129.13,83.2,83.32,80.19,57.78,53.49,42.04,37.37,
European Union,EUU,"Incidence of malaria (per 1,000 population at risk)",SH.MLR.INCD.P3,,,,,,,,,,,,,,,,,,,,,,,,,,,,,,,,,,,,,,,,,,,,,,,,,,,,,,,,,,,
Fragile and conflict affected situations,FCS,"Incidence of malaria (per 1,000 population at risk)",SH.MLR.INCD.P3,,,,,,,,,,,,,,,,,,,,,,,,,,,,,,,,,,,,,,,,,256.0506385,,,,,,,,,,204.4480568,192.0367291,185.7336319,174.9963434,171.6461031,167.819917,166.0537281,168.7330928,
Finland,FIN,"Incidence of malaria (per 1,000 population at risk)",SH.MLR.INCD.P3,,,,,,,,,,,,,,,,,,,,,,,,,,,,,,,,,,,,,,,,,,,,,,,,,,,,,,,,,,,
Fiji,FJI,"Incidence of malaria (per 1,000 population at risk)",SH.MLR.INCD.P3,,,,,,,,,,,,,,,,,,,,,,,,,,,,,,,,,,,,,,,,,,,,,,,,,,,,,,,,,,,
France,FRA,"Incidence of malaria (per 1,000 population at risk)",SH.MLR.INCD.P3,,,,,,,,,,,,,,,,,,,,,,,,,,,,,,,,,,,,,,,,,,,,,,,,,,,,,,,,,,,
Faroe Islands,FRO,"Incidence of malaria (per 1,000 population at risk)",SH.MLR.INCD.P3,,,,,,,,,,,,,,,,,,,,,,,,,,,,,,,,,,,,,,,,,,,,,,,,,,,,,,,,,,,
"Micronesia, Fed. Sts.",FSM,"Incidence of malaria (per 1,000 population at risk)",SH.MLR.INCD.P3,,,,,,,,,,,,,,,,,,,,,,,,,,,,,,,,,,,,,,,,,,,,,,,,,,,,,,,,,,,
Gabon,GAB,"Incidence of malaria (per 1,000 population at risk)",SH.MLR.INCD.P3,,,,,,,,,,,,,,,,,,,,,,,,,,,,,,,,,,,,,,,,,327.94,,,,,,,,,,174.2,182.09,185.59,186.63,182.05,172.6,169.11,168.87,
United Kingdom,GBR,"Incidence of malaria (per 1,000 population at risk)",SH.MLR.INCD.P3,,,,,,,,,,,,,,,,,,,,,,,,,,,,,,,,,,,,,,,,,,,,,,,,,,,,,,,,,,,
Georgia,GEO,"Incidence of malaria (per 1,000 population at risk)",SH.MLR.INCD.P3,,,,,,,,,,,,,,,,,,,,,,,,,,,,,,,,,,,,,,,,,5.19,,,,,,,,,,0,0,0,0,0,0,0,0,
Ghana,GHA,"Incidence of malaria (per 1,000 population at risk)",SH.MLR.INCD.P3,,,,,,,,,,,,,,,,,,,,,,,,,,,,,,,,,,,,,,,,,405.08,,,,,,,,,,374.15,368.25,349.92,324.6,300.9,272.4,271.32,270.69,
Gibraltar,GIB,"Incidence of malaria (per 1,000 population at risk)",SH.MLR.INCD.P3,,,,,,,,,,,,,,,,,,,,,,,,,,,,,,,,,,,,,,,,,,,,,,,,,,,,,,,,,,,
Guinea,GIN,"Incidence of malaria (per 1,000 population at risk)",SH.MLR.INCD.P3,,,,,,,,,,,,,,,,,,,,,,,,,,,,,,,,,,,,,,,,,452.45,,,,,,,,,,402.82,403.78,394.7,376.62,360.46,347.77,338.65,336.72,
"Gambia, The",GMB,"Incidence of malaria (per 1,000 population at risk)",SH.MLR.INCD.P3,,,,,,,,,,,,,,,,,,,,,,,,,,,,,,,,,,,,,,,,,377.94,,,,,,,,,,275.08,277.03,295.12,253.84,152.01,208.63,124.59,56.67,
Guinea-Bissau,GNB,"Incidence of malaria (per 1,000 population at risk)",SH.MLR.INCD.P3,,,,,,,,,,,,,,,,,,,,,,,,,,,,,,,,,,,,,,,,,295.28,,,,,,,,,,78.43,71.21,62.85,60.93,60.22,60.06,58.07,58.01,
Equatorial Guinea,GNQ,"Incidence of malaria (per 1,000 population at risk)",SH.MLR.INCD.P3,,,,,,,,,,,,,,,,,,,,,,,,,,,,,,,,,,,,,,,,,397.64,,,,,,,,,,401.26,484.15,471.92,458.18,366.02,356.28,349.86,343.26,
Greece,GRC,"Incidence of malaria (per 1,000 population at risk)",SH.MLR.INCD.P3,,,,,,,,,,,,,,,,,,,,,,,,,,,,,,,,,,,,,,,,,,,,,,,,,,,,,,,,,,,
Grenada,GRD,"Incidence of malaria (per 1,000 population at risk)",SH.MLR.INCD.P3,,,,,,,,,,,,,,,,,,,,,,,,,,,,,,,,,,,,,,,,,,,,,,,,,,,,,,,,,,,
Greenland,GRL,"Incidence of malaria (per 1,000 population at risk)",SH.MLR.INCD.P3,,,,,,,,,,,,,,,,,,,,,,,,,,,,,,,,,,,,,,,,,,,,,,,,,,,,,,,,,,,
Guatemala,GTM,"Incidence of malaria (per 1,000 population at risk)",SH.MLR.INCD.P3,,,,,,,,,,,,,,,,,,,,,,,,,,,,,,,,,,,,,,,,,8.04,,,,,,,,,,0.86,0.77,0.59,0.67,0.6,0.7,0.49,0.37,
Guam,GUM,"Incidence of malaria (per 1,000 population at risk)",SH.MLR.INCD.P3,,,,,,,,,,,,,,,,,,,,,,,,,,,,,,,,,,,,,,,,,,,,,,,,,,,,,,,,,,,
Guyana,GUY,"Incidence of malaria (per 1,000 population at risk)",SH.MLR.INCD.P3,,,,,,,,,,,,,,,,,,,,,,,,,,,,,,,,,,,,,,,,,44.33,,,,,,,,,,43.74,54.57,57.51,75.12,28.93,23.22,28.59,32.03,
High income,HIC,"Incidence of malaria (per 1,000 population at risk)",SH.MLR.INCD.P3,,,,,,,,,,,,,,,,,,,,,,,,,,,,,,,,,,,,,,,,,,,,,,,,,,,,,,,,,,,
"Hong Kong SAR, China",HKG,"Incidence of malaria (per 1,000 population at risk)",SH.MLR.INCD.P3,,,,,,,,,,,,,,,,,,,,,,,,,,,,,,,,,,,,,,,,,,,,,,,,,,,,,,,,,,,
Honduras,HND,"Incidence of malaria (per 1,000 population at risk)",SH.MLR.INCD.P3,,,,,,,,,,,,,,,,,,,,,,,,,,,,,,,,,,,,,,,,,8.6,,,,,,,,,,1.77,1.32,1.11,0.92,0.56,0.58,0.72,0.2,
Heavily indebted poor countries (HIPC),HPC,"Incidence of malaria (per 1,000 population at risk)",SH.MLR.INCD.P3,,,,,,,,,,,,,,,,,,,,,,,,,,,,,,,,,,,,,,,,,294.3090763,,,,,,,,,,235.4984201,220.791079,212.7933467,203.7841656,194.9397784,196.1698342,194.3982575,193.2291464,
Croatia,HRV,"Incidence of malaria (per 1,000 population at risk)",SH.MLR.INCD.P3,,,,,,,,,,,,,,,,,,,,,,,,,,,,,,,,,,,,,,,,,,,,,,,,,,,,,,,,,,,
Haiti,HTI,"Incidence of malaria (per 1,000 population at risk)",SH.MLR.INCD.P3,,,,,,,,,,,,,,,,,,,,,,,,,,,,,,,,,,,,,,,,,9.26,,,,,,,,,,9.26,8.75,6.33,5.15,3.38,3.26,3.62,3.26,
Hungary,HUN,"Incidence of malaria (per 1,000 population at risk)",SH.MLR.INCD.P3,,,,,,,,,,,,,,,,,,,,,,,,,,,,,,,,,,,,,,,,,,,,,,,,,,,,,,,,,,,
IBRD only,IBD,"Incidence of malaria (per 1,000 population at risk)",SH.MLR.INCD.P3,,,,,,,,,,,,,,,,,,,,,,,,,,,,,,,,,,,,,,,,,15.49338145,,,,,,,,,,12.38496692,10.73950808,9.216328396,7.747599972,7.653864053,8.060002088,8.292919953,7.266643765,
IDA & IBRD total,IBT,"Incidence of malaria (per 1,000 population at risk)",SH.MLR.INCD.P3,,,,,,,,,,,,,,,,,,,,,,,,,,,,,,,,,,,,,,,,,79.22290575,,,,,,,,,,72.05586107,68.02621145,66.18527413,63.55797681,61.47020029,59.71808867,59.55325402,59.38282304,
IDA total,IDA,"Incidence of malaria (per 1,000 population at risk)",SH.MLR.INCD.P3,,,,,,,,,,,,,,,,,,,,,,,,,,,,,,,,,,,,,,,,,231.8558257,,,,,,,,,,197.7566967,186.9925624,182.8360414,176.1006938,168.3842785,160.819787,158.6791246,158.4586945,
IDA blend,IDB,"Incidence of malaria (per 1,000 population at risk)",SH.MLR.INCD.P3,,,,,,,,,,,,,,,,,,,,,,,,,,,,,,,,,,,,,,,,,196.0469984,,,,,,,,,,179.4752345,174.7241735,175.412678,175.9211778,167.9992058,145.8744969,142.2065959,142.6830749,
Indonesia,IDN,"Incidence of malaria (per 1,000 population at risk)",SH.MLR.INCD.P3,,,,,,,,,,,,,,,,,,,,,,,,,,,,,,,,,,,,,,,,,8.25,,,,,,,,,,11.26,10.13,9.94,8.07,5.85,4.98,4.95,5.8,
IDA only,IDX,"Incidence of malaria (per 1,000 population at risk)",SH.MLR.INCD.P3,,,,,,,,,,,,,,,,,,,,,,,,,,,,,,,,,,,,,,,,,254.9803793,,,,,,,,,,209.1943895,194.64943,187.4615695,176.2121881,168.6228405,170.0545839,168.8790084,168.1985811,
Isle of Man,IMN,"Incidence of malaria (per 1,000 population at risk)",SH.MLR.INCD.P3,,,,,,,,,,,,,,,,,,,,,,,,,,,,,,,,,,,,,,,,,,,,,,,,,,,,,,,,,,,
India,IND,"Incidence of malaria (per 1,000 population at risk)",SH.MLR.INCD.P3,,,,,,,,,,,,,,,,,,,,,,,,,,,,,,,,,,,,,,,,,22.78,,,,,,,,,,17.81,15.03,12.05,9.38,9.45,9.97,10.2,7.66,
Not classified,INX,"Incidence of malaria (per 1,000 population at risk)",SH.MLR.INCD.P3,,,,,,,,,,,,,,,,,,,,,,,,,,,,,,,,,,,,,,,,,,,,,,,,,,,,,,,,,,,
Ireland,IRL,"Incidence of malaria (per 1,000 population at risk)",SH.MLR.INCD.P3,,,,,,,,,,,,,,,,,,,,,,,,,,,,,,,,,,,,,,,,,,,,,,,,,,,,,,,,,,,
"Iran, Islamic Rep.",IRN,"Incidence of malaria (per 1,000 population at risk)",SH.MLR.INCD.P3,,,,,,,,,,,,,,,,,,,,,,,,,,,,,,,,,,,,,,,,,29.19,,,,,,,,,,2.43,2.12,0.97,0.61,0.45,0.21,0.1,0.07,
Iraq,IRQ,"Incidence of malaria (per 1,000 population at risk)",SH.MLR.INCD.P3,,,,,,,,,,,,,,,,,,,,,,,,,,,,,,,,,,,,,,,,,0.61,,,,,,,,,,0,0,0,0,0,0,0,,
Iceland,ISL,"Incidence of malaria (per 1,000 population at risk)",SH.MLR.INCD.P3,,,,,,,,,,,,,,,,,,,,,,,,,,,,,,,,,,,,,,,,,,,,,,,,,,,,,,,,,,,
Israel,ISR,"Incidence of malaria (per 1,000 population at risk)",SH.MLR.INCD.P3,,,,,,,,,,,,,,,,,,,,,,,,,,,,,,,,,,,,,,,,,,,,,,,,,,,,,,,,,,,
Italy,ITA,"Incidence of malaria (per 1,000 population at risk)",SH.MLR.INCD.P3,,,,,,,,,,,,,,,,,,,,,,,,,,,,,,,,,,,,,,,,,,,,,,,,,,,,,,,,,,,
Jamaica,JAM,"Incidence of malaria (per 1,000 population at risk)",SH.MLR.INCD.P3,,,,,,,,,,,,,,,,,,,,,,,,,,,,,,,,,,,,,,,,,,,,,,,,,,,,,,,,,,,
Jordan,JOR,"Incidence of malaria (per 1,000 population at risk)",SH.MLR.INCD.P3,,,,,,,,,,,,,,,,,,,,,,,,,,,,,,,,,,,,,,,,,,,,,,,,,,,,,,,,,,,
Japan,JPN,"Incidence of malaria (per 1,000 population at risk)",SH.MLR.INCD.P3,,,,,,,,,,,,,,,,,,,,,,,,,,,,,,,,,,,,,,,,,,,,,,,,,,,,,,,,,,,
Kazakhstan,KAZ,"Incidence of malaria (per 1,000 population at risk)",SH.MLR.INCD.P3,,,,,,,,,,,,,,,,,,,,,,,,,,,,,,,,,,,,,,,,,,,,,,,,,,,,,,,,,,,
Kenya,KEN,"Incidence of malaria (per 1,000 population at risk)",SH.MLR.INCD.P3,,,,,,,,,,,,,,,,,,,,,,,,,,,,,,,,,,,,,,,,,216.68,,,,,,,,,,68.82,68.97,74.53,83.76,85.1,73.15,71.23,70.83,
Kyrgyz Republic,KGZ,"Incidence of malaria (per 1,000 population at risk)",SH.MLR.INCD.P3,,,,,,,,,,,,,,,,,,,,,,,,,,,,,,,,,,,,,,,,,3.06,,,,,,,,,,0.7,0,0,0,0,0,,0,
Cambodia,KHM,"Incidence of malaria (per 1,000 population at risk)",SH.MLR.INCD.P3,,,,,,,,,,,,,,,,,,,,,,,,,,,,,,,,,,,,,,,,,100.54,,,,,,,,,,35.71,36.66,25.51,16.31,22.88,20.49,11.44,18.4,
Kiribati,KIR,"Incidence of malaria (per 1,000 population at risk)",SH.MLR.INCD.P3,,,,,,,,,,,,,,,,,,,,,,,,,,,,,,,,,,,,,,,,,,,,,,,,,,,,,,,,,,,
St. Kitts and Nevis,KNA,"Incidence of malaria (per 1,000 population at risk)",SH.MLR.INCD.P3,,,,,,,,,,,,,,,,,,,,,,,,,,,,,,,,,,,,,,,,,,,,,,,,,,,,,,,,,,,
"Korea, Rep.",KOR,"Incidence of malaria (per 1,000 population at risk)",SH.MLR.INCD.P3,,,,,,,,,,,,,,,,,,,,,,,,,,,,,,,,,,,,,,,,,1.26,,,,,,,,,,0.37,0.15,0.11,0.11,0.16,0.18,0.17,0.12,
Kuwait,KWT,"Incidence of malaria (per 1,000 population at risk)",SH.MLR.INCD.P3,,,,,,,,,,,,,,,,,,,,,,,,,,,,,,,,,,,,,,,,,,,,,,,,,,,,,,,,,,,
Latin America & Caribbean (excluding high income),LAC,"Incidence of malaria (per 1,000 population at risk)",SH.MLR.INCD.P3,,,,,,,,,,,,,,,,,,,,,,,,,,,,,,,,,,,,,,,,,14.97191772,,,,,,,,,,6.845740658,5.074327477,4.762787451,4.569218522,3.85326702,4.534245037,5.570109184,7.544482077,
Lao PDR,LAO,"Incidence of malaria (per 1,000 population at risk)",SH.MLR.INCD.P3,,,,,,,,,,,,,,,,,,,,,,,,,,,,,,,,,,,,,,,,,62.65,,,,,,,,,,12.47,11.08,29.4,23.88,30.72,22.95,8.01,5.8,
Lebanon,LBN,"Incidence of malaria (per 1,000 population at risk)",SH.MLR.INCD.P3,,,,,,,,,,,,,,,,,,,,,,,,,,,,,,,,,,,,,,,,,,,,,,,,,,,,,,,,,,,
Liberia,LBR,"Incidence of malaria (per 1,000 population at risk)",SH.MLR.INCD.P3,,,,,,,,,,,,,,,,,,,,,,,,,,,,,,,,,,,,,,,,,333.53,,,,,,,,,,328.16,307.88,247.12,211.65,199.78,200.85,194.75,192.59,
Libya,LBY,"Incidence of malaria (per 1,000 population at risk)",SH.MLR.INCD.P3,,,,,,,,,,,,,,,,,,,,,,,,,,,,,,,,,,,,,,,,,,,,,,,,,,,,,,,,,,,
St. Lucia,LCA,"Incidence of malaria (per 1,000 population at risk)",SH.MLR.INCD.P3,,,,,,,,,,,,,,,,,,,,,,,,,,,,,,,,,,,,,,,,,,,,,,,,,,,,,,,,,,,
Latin America & Caribbean,LCN,"Incidence of malaria (per 1,000 population at risk)",SH.MLR.INCD.P3,,,,,,,,,,,,,,,,,,,,,,,,,,,,,,,,,,,,,,,,,14.54427797,,,,,,,,,,6.640584038,4.921672385,4.623470001,4.433855357,3.741625346,4.397399943,5.402094288,7.313507168,
Least developed countries: UN classification,LDC,"Incidence of malaria (per 1,000 population at risk)",SH.MLR.INCD.P3,,,,,,,,,,,,,,,,,,,,,,,,,,,,,,,,,,,,,,,,,244.3684127,,,,,,,,,,198.4262694,183.8028222,179.5639056,171.4528419,166.0202477,169.5840745,168.6181612,167.9140478,
Low income,LIC,"Incidence of malaria (per 1,000 population at risk)",SH.MLR.INCD.P3,,,,,,,,,,,,,,,,,,,,,,,,,,,,,,,,,,,,,,,,,275.985197,,,,,,,,,,227.0159436,209.9399699,202.908467,194.3066471,187.094543,190.7750515,189.3771695,189.3294294,
Liechtenstein,LIE,"Incidence of malaria (per 1,000 population at risk)",SH.MLR.INCD.P3,,,,,,,,,,,,,,,,,,,,,,,,,,,,,,,,,,,,,,,,,,,,,,,,,,,,,,,,,,,
Sri Lanka,LKA,"Incidence of malaria (per 1,000 population at risk)",SH.MLR.INCD.P3,,,,,,,,,,,,,,,,,,,,,,,,,,,,,,,,,,,,,,,,,48.62,,,,,,,,,,0.15,0.03,0,0,0,0,0,0,
Lower middle income,LMC,"Incidence of malaria (per 1,000 population at risk)",SH.MLR.INCD.P3,,,,,,,,,,,,,,,,,,,,,,,,,,,,,,,,,,,,,,,,,64.52271989,,,,,,,,,,57.73224162,54.93111254,53.14136916,50.54733688,48.55464721,44.25965466,43.90547834,42.78203085,
Low & middle income,LMY,"Incidence of malaria (per 1,000 population at risk)",SH.MLR.INCD.P3,,,,,,,,,,,,,,,,,,,,,,,,,,,,,,,,,,,,,,,,,79.08999813,,,,,,,,,,71.93233881,67.91294509,66.07850402,63.4554896,61.37180529,59.62171625,59.45921886,59.29047384,
Lesotho,LSO,"Incidence of malaria (per 1,000 population at risk)",SH.MLR.INCD.P3,,,,,,,,,,,,,,,,,,,,,,,,,,,,,,,,,,,,,,,,,,,,,,,,,,,,,,,,,,,
Late-demographic dividend,LTE,"Incidence of malaria (per 1,000 population at risk)",SH.MLR.INCD.P3,,,,,,,,,,,,,,,,,,,,,,,,,,,,,,,,,,,,,,,,,2.392085841,,,,,,,,,,0.922030839,0.661709143,0.639360802,0.539670096,0.402418434,0.37639063,0.392346529,0.457171889,
Lithuania,LTU,"Incidence of malaria (per 1,000 population at risk)",SH.MLR.INCD.P3,,,,,,,,,,,,,,,,,,,,,,,,,,,,,,,,,,,,,,,,,,,,,,,,,,,,,,,,,,,
Luxembourg,LUX,"Incidence of malaria (per 1,000 population at risk)",SH.MLR.INCD.P3,,,,,,,,,,,,,,,,,,,,,,,,,,,,,,,,,,,,,,,,,,,,,,,,,,,,,,,,,,,
Latvia,LVA,"Incidence of malaria (per 1,000 population at risk)",SH.MLR.INCD.P3,,,,,,,,,,,,,,,,,,,,,,,,,,,,,,,,,,,,,,,,,,,,,,,,,,,,,,,,,,,
"Macao SAR, China",MAC,"Incidence of malaria (per 1,000 population at risk)",SH.MLR.INCD.P3,,,,,,,,,,,,,,,,,,,,,,,,,,,,,,,,,,,,,,,,,,,,,,,,,,,,,,,,,,,
St. Martin (French part),MAF,"Incidence of malaria (per 1,000 population at risk)",SH.MLR.INCD.P3,,,,,,,,,,,,,,,,,,,,,,,,,,,,,,,,,,,,,,,,,,,,,,,,,,,,,,,,,,,
Morocco,MAR,"Incidence of malaria (per 1,000 population at risk)",SH.MLR.INCD.P3,,,,,,,,,,,,,,,,,,,,,,,,,,,,,,,,,,,,,,,,,,,,,,,,,,,,,,,,,,,
Monaco,MCO,"Incidence of malaria (per 1,000 population at risk)",SH.MLR.INCD.P3,,,,,,,,,,,,,,,,,,,,,,,,,,,,,,,,,,,,,,,,,,,,,,,,,,,,,,,,,,,
Moldova,MDA,"Incidence of malaria (per 1,000 population at risk)",SH.MLR.INCD.P3,,,,,,,,,,,,,,,,,,,,,,,,,,,,,,,,,,,,,,,,,,,,,,,,,,,,,,,,,,,
Madagascar,MDG,"Incidence of malaria (per 1,000 population at risk)",SH.MLR.INCD.P3,,,,,,,,,,,,,,,,,,,,,,,,,,,,,,,,,,,,,,,,,57.31,,,,,,,,,,44.32,38.72,81.65,78.98,55.28,117.2,67.97,90.9,
Maldives,MDV,"Incidence of malaria (per 1,000 population at risk)",SH.MLR.INCD.P3,,,,,,,,,,,,,,,,,,,,,,,,,,,,,,,,,,,,,,,,,,,,,,,,,,,,,,,,,,,
Middle East & North Africa,MEA,"Incidence of malaria (per 1,000 population at risk)",SH.MLR.INCD.P3,,,,,,,,,,,,,,,,,,,,,,,,,,,,,,,,,,,,,,,,,,,,,,,,,,,,,,,,,,,
Mexico,MEX,"Incidence of malaria (per 1,000 population at risk)",SH.MLR.INCD.P3,,,,,,,,,,,,,,,,,,,,,,,,,,,,,,,,,,,,,,,,,3.43,,,,,,,,,,0.49,0.45,0.33,0.19,0.25,0.19,0.2,0.27,
Marshall Islands,MHL,"Incidence of malaria (per 1,000 population at risk)",SH.MLR.INCD.P3,,,,,,,,,,,,,,,,,,,,,,,,,,,,,,,,,,,,,,,,,,,,,,,,,,,,,,,,,,,
Middle income,MIC,"Incidence of malaria (per 1,000 population at risk)",SH.MLR.INCD.P3,,,,,,,,,,,,,,,,,,,,,,,,,,,,,,,,,,,,,,,,,48.21022091,,,,,,,,,,43.91600234,41.86909935,40.60275314,38.72708362,37.25018215,34.07376997,33.92286738,33.29654804,
"Macedonia, FYR",MKD,"Incidence of malaria (per 1,000 population at risk)",SH.MLR.INCD.P3,,,,,,,,,,,,,,,,,,,,,,,,,,,,,,,,,,,,,,,,,,,,,,,,,,,,,,,,,,,
Mali,MLI,"Incidence of malaria (per 1,000 population at risk)",SH.MLR.INCD.P3,,,,,,,,,,,,,,,,,,,,,,,,,,,,,,,,,,,,,,,,,405.44,,,,,,,,,,382.95,404.05,434.91,452.05,440.26,391.18,383.59,386.16,
Malta,MLT,"Incidence of malaria (per 1,000 population at risk)",SH.MLR.INCD.P3,,,,,,,,,,,,,,,,,,,,,,,,,,,,,,,,,,,,,,,,,,,,,,,,,,,,,,,,,,,
Myanmar,MMR,"Incidence of malaria (per 1,000 population at risk)",SH.MLR.INCD.P3,,,,,,,,,,,,,,,,,,,,,,,,,,,,,,,,,,,,,,,,,49.33,,,,,,,,,,67.64,43.95,62.55,23.16,15.54,13.63,8.34,3.68,
Middle East & North Africa (excluding high income),MNA,"Incidence of malaria (per 1,000 population at risk)",SH.MLR.INCD.P3,,,,,,,,,,,,,,,,,,,,,,,,,,,,,,,,,,,,,,,,,,,,,,,,,,,,,,,,,,,
Montenegro,MNE,"Incidence of malaria (per 1,000 population at risk)",SH.MLR.INCD.P3,,,,,,,,,,,,,,,,,,,,,,,,,,,,,,,,,,,,,,,,,,,,,,,,,,,,,,,,,,,
Mongolia,MNG,"Incidence of malaria (per 1,000 population at risk)",SH.MLR.INCD.P3,,,,,,,,,,,,,,,,,,,,,,,,,,,,,,,,,,,,,,,,,,,,,,,,,,,,,,,,,,,
Northern Mariana Islands,MNP,"Incidence of malaria (per 1,000 population at risk)",SH.MLR.INCD.P3,,,,,,,,,,,,,,,,,,,,,,,,,,,,,,,,,,,,,,,,,,,,,,,,,,,,,,,,,,,
Mozambique,MOZ,"Incidence of malaria (per 1,000 population at risk)",SH.MLR.INCD.P3,,,,,,,,,,,,,,,,,,,,,,,,,,,,,,,,,,,,,,,,,457.36,,,,,,,,,,349.09,358.09,372.98,364.84,346.35,339.02,338.3,337.92,
Mauritania,MRT,"Incidence of malaria (per 1,000 population at risk)",SH.MLR.INCD.P3,,,,,,,,,,,,,,,,,,,,,,,,,,,,,,,,,,,,,,,,,62.02,,,,,,,,,,35.62,46.18,27.58,32.22,47.72,59.77,69.4,53.91,
Mauritius,MUS,"Incidence of malaria (per 1,000 population at risk)",SH.MLR.INCD.P3,,,,,,,,,,,,,,,,,,,,,,,,,,,,,,,,,,,,,,,,,,,,,,,,,,,,,,,,,,,
Malawi,MWI,"Incidence of malaria (per 1,000 population at risk)",SH.MLR.INCD.P3,,,,,,,,,,,,,,,,,,,,,,,,,,,,,,,,,,,,,,,,,498.54,,,,,,,,,,303.42,286.45,268.22,251.51,243.83,233.45,233.45,231.1,
Malaysia,MYS,"Incidence of malaria (per 1,000 population at risk)",SH.MLR.INCD.P3,,,,,,,,,,,,,,,,,,,,,,,,,,,,,,,,,,,,,,,,,13.7,,,,,,,,,,4.62,3.45,3.14,2.46,2.6,0.2,0.21,0.07,
North America,NAC,"Incidence of malaria (per 1,000 population at risk)",SH.MLR.INCD.P3,,,,,,,,,,,,,,,,,,,,,,,,,,,,,,,,,,,,,,,,,,,,,,,,,,,,,,,,,,,
Namibia,NAM,"Incidence of malaria (per 1,000 population at risk)",SH.MLR.INCD.P3,,,,,,,,,,,,,,,,,,,,,,,,,,,,,,,,,,,,,,,,,70.66,,,,,,,,,,1.51,2.09,3.27,4.41,13.96,10.44,21.14,44.56,
New Caledonia,NCL,"Incidence of malaria (per 1,000 population at risk)",SH.MLR.INCD.P3,,,,,,,,,,,,,,,,,,,,,,,,,,,,,,,,,,,,,,,,,,,,,,,,,,,,,,,,,,,
Niger,NER,"Incidence of malaria (per 1,000 population at risk)",SH.MLR.INCD.P3,,,,,,,,,,,,,,,,,,,,,,,,,,,,,,,,,,,,,,,,,316.7,,,,,,,,,,426.63,429.14,432.05,422.27,402.17,371.78,360.75,358.65,
Nigeria,NGA,"Incidence of malaria (per 1,000 population at risk)",SH.MLR.INCD.P3,,,,,,,,,,,,,,,,,,,,,,,,,,,,,,,,,,,,,,,,,378.26,,,,,,,,,,383.09,371.63,368.13,360.94,336.42,290.86,281.5,281.15,
Nicaragua,NIC,"Incidence of malaria (per 1,000 population at risk)",SH.MLR.INCD.P3,,,,,,,,,,,,,,,,,,,,,,,,,,,,,,,,,,,,,,,,,13.51,,,,,,,,,,0.35,0.46,0.6,0.56,0.54,1.07,2.93,5.05,
Netherlands,NLD,"Incidence of malaria (per 1,000 population at risk)",SH.MLR.INCD.P3,,,,,,,,,,,,,,,,,,,,,,,,,,,,,,,,,,,,,,,,,,,,,,,,,,,,,,,,,,,
Norway,NOR,"Incidence of malaria (per 1,000 population at risk)",SH.MLR.INCD.P3,,,,,,,,,,,,,,,,,,,,,,,,,,,,,,,,,,,,,,,,,,,,,,,,,,,,,,,,,,,
Nepal,NPL,"Incidence of malaria (per 1,000 population at risk)",SH.MLR.INCD.P3,,,,,,,,,,,,,,,,,,,,,,,,,,,,,,,,,,,,,,,,,7.35,,,,,,,,,,3.91,3.03,1.65,1.27,0.6,0.49,0.33,0.45,
Nauru,NRU,"Incidence of malaria (per 1,000 population at risk)",SH.MLR.INCD.P3,,,,,,,,,,,,,,,,,,,,,,,,,,,,,,,,,,,,,,,,,,,,,,,,,,,,,,,,,,,
New Zealand,NZL,"Incidence of malaria (per 1,000 population at risk)",SH.MLR.INCD.P3,,,,,,,,,,,,,,,,,,,,,,,,,,,,,,,,,,,,,,,,,,,,,,,,,,,,,,,,,,,
OECD members,OED,"Incidence of malaria (per 1,000 population at risk)",SH.MLR.INCD.P3,,,,,,,,,,,,,,,,,,,,,,,,,,,,,,,,,,,,,,,,,,,,,,,,,,,,,,,,,,,
Oman,OMN,"Incidence of malaria (per 1,000 population at risk)",SH.MLR.INCD.P3,,,,,,,,,,,,,,,,,,,,,,,,,,,,,,,,,,,,,,,,,,,,,,,,,,,,,,,,,,,
Other small states,OSS,"Incidence of malaria (per 1,000 population at risk)",SH.MLR.INCD.P3,,,,,,,,,,,,,,,,,,,,,,,,,,,,,,,,,,,,,,,,,,,,,,,,,,,,,,,,,,,
Pakistan,PAK,"Incidence of malaria (per 1,000 population at risk)",SH.MLR.INCD.P3,,,,,,,,,,,,,,,,,,,,,,,,,,,,,,,,,,,,,,,,,6.88,,,,,,,,,,8.62,11.13,9.45,7.94,7.53,5.33,6.33,4.94,
Panama,PAN,"Incidence of malaria (per 1,000 population at risk)",SH.MLR.INCD.P3,,,,,,,,,,,,,,,,,,,,,,,,,,,,,,,,,,,,,,,,,0.38,,,,,,,,,,0.13,0.1,0.25,0.2,0.27,0.15,0.21,0.2,
Peru,PER,"Incidence of malaria (per 1,000 population at risk)",SH.MLR.INCD.P3,,,,,,,,,,,,,,,,,,,,,,,,,,,,,,,,,,,,,,,,,9.2,,,,,,,,,,3.22,2.58,3.33,5.09,6.73,7.44,5.69,5.6,
Philippines,PHL,"Incidence of malaria (per 1,000 population at risk)",SH.MLR.INCD.P3,,,,,,,,,,,,,,,,,,,,,,,,,,,,,,,,,,,,,,,,,2.67,,,,,,,,,,1,0.44,0.34,0.31,0.25,0.45,0.27,0.25,
Palau,PLW,"Incidence of malaria (per 1,000 population at risk)",SH.MLR.INCD.P3,,,,,,,,,,,,,,,,,,,,,,,,,,,,,,,,,,,,,,,,,,,,,,,,,,,,,,,,,,,
Papua New Guinea,PNG,"Incidence of malaria (per 1,000 population at risk)",SH.MLR.INCD.P3,,,,,,,,,,,,,,,,,,,,,,,,,,,,,,,,,,,,,,,,,273.45,,,,,,,,,,174.46,143.89,190.4,220.96,249.01,134.67,181.71,181.87,
Poland,POL,"Incidence of malaria (per 1,000 population at risk)",SH.MLR.INCD.P3,,,,,,,,,,,,,,,,,,,,,,,,,,,,,,,,,,,,,,,,,,,,,,,,,,,,,,,,,,,
Pre-demographic dividend,PRE,"Incidence of malaria (per 1,000 population at risk)",SH.MLR.INCD.P3,,,,,,,,,,,,,,,,,,,,,,,,,,,,,,,,,,,,,,,,,330.4610539,,,,,,,,,,267.6329481,257.6250866,250.1758637,241.8511575,230.4552836,220.7536494,214.5842235,215.7051133,
Puerto Rico,PRI,"Incidence of malaria (per 1,000 population at risk)",SH.MLR.INCD.P3,,,,,,,,,,,,,,,,,,,,,,,,,,,,,,,,,,,,,,,,,,,,,,,,,,,,,,,,,,,
"Korea, Dem. People’s Rep.",PRK,"Incidence of malaria (per 1,000 population at risk)",SH.MLR.INCD.P3,,,,,,,,,,,,,,,,,,,,,,,,,,,,,,,,,,,,,,,,,10.12,,,,,,,,,,1.41,1.74,2.25,1.48,1.07,0.08,0.27,0.22,
Portugal,PRT,"Incidence of malaria (per 1,000 population at risk)",SH.MLR.INCD.P3,,,,,,,,,,,,,,,,,,,,,,,,,,,,,,,,,,,,,,,,,,,,,,,,,,,,,,,,,,,
Paraguay,PRY,"Incidence of malaria (per 1,000 population at risk)",SH.MLR.INCD.P3,,,,,,,,,,,,,,,,,,,,,,,,,,,,,,,,,,,,,,,,,35.9,,,,,,,,,,0.08,0,0,0,0,0,0,0,
West Bank and Gaza,PSE,"Incidence of malaria (per 1,000 population at risk)",SH.MLR.INCD.P3,,,,,,,,,,,,,,,,,,,,,,,,,,,,,,,,,,,,,,,,,,,,,,,,,,,,,,,,,,,
Pacific island small states,PSS,"Incidence of malaria (per 1,000 population at risk)",SH.MLR.INCD.P3,,,,,,,,,,,,,,,,,,,,,,,,,,,,,,,,,,,,,,,,,,,,,,,,,,,,,,,,,,,
Post-demographic dividend,PST,"Incidence of malaria (per 1,000 population at risk)",SH.MLR.INCD.P3,,,,,,,,,,,,,,,,,,,,,,,,,,,,,,,,,,,,,,,,,,,,,,,,,,,,,,,,,,,
French Polynesia,PYF,"Incidence of malaria (per 1,000 population at risk)",SH.MLR.INCD.P3,,,,,,,,,,,,,,,,,,,,,,,,,,,,,,,,,,,,,,,,,,,,,,,,,,,,,,,,,,,
Qatar,QAT,"Incidence of malaria (per 1,000 population at risk)",SH.MLR.INCD.P3,,,,,,,,,,,,,,,,,,,,,,,,,,,,,,,,,,,,,,,,,,,,,,,,,,,,,,,,,,,
Romania,ROU,"Incidence of malaria (per 1,000 population at risk)",SH.MLR.INCD.P3,,,,,,,,,,,,,,,,,,,,,,,,,,,,,,,,,,,,,,,,,,,,,,,,,,,,,,,,,,,
Russian Federation,RUS,"Incidence of malaria (per 1,000 population at risk)",SH.MLR.INCD.P3,,,,,,,,,,,,,,,,,,,,,,,,,,,,,,,,,,,,,,,,,,,,,,,,,,,,,,,,,,,
Rwanda,RWA,"Incidence of malaria (per 1,000 population at risk)",SH.MLR.INCD.P3,,,,,,,,,,,,,,,,,,,,,,,,,,,,,,,,,,,,,,,,,131.58,,,,,,,,,,122.98,38.21,69.42,117.9,212.01,326.71,554.51,505.57,
South Asia,SAS,"Incidence of malaria (per 1,000 population at risk)",SH.MLR.INCD.P3,,,,,,,,,,,,,,,,,,,,,,,,,,,,,,,,,,,,,,,,,21.63872061,,,,,,,,,,16.37839492,14.39873977,11.50454075,9.014514823,9.07999898,9.278892311,9.743176441,7.452673529,
Saudi Arabia,SAU,"Incidence of malaria (per 1,000 population at risk)",SH.MLR.INCD.P3,,,,,,,,,,,,,,,,,,,,,,,,,,,,,,,,,,,,,,,,,3.97,,,,,,,,,,0.01,0.03,0.04,0.01,0.01,0.03,0.11,0.07,
Sudan,SDN,"Incidence of malaria (per 1,000 population at risk)",SH.MLR.INCD.P3,,,,,,,,,,,,,,,,,,,,,,,,,,,,,,,,,,,,,,,,,65.57,,,,,,,,,,27.98,27.05,27.61,30.26,34.28,38.21,37.51,37.45,
Senegal,SEN,"Incidence of malaria (per 1,000 population at risk)",SH.MLR.INCD.P3,,,,,,,,,,,,,,,,,,,,,,,,,,,,,,,,,,,,,,,,,184.75,,,,,,,,,,61.37,53.33,60.94,79.75,46.27,78.55,54.28,64.62,
Singapore,SGP,"Incidence of malaria (per 1,000 population at risk)",SH.MLR.INCD.P3,,,,,,,,,,,,,,,,,,,,,,,,,,,,,,,,,,,,,,,,,,,,,,,,,,,,,,,,,,,
Solomon Islands,SLB,"Incidence of malaria (per 1,000 population at risk)",SH.MLR.INCD.P3,,,,,,,,,,,,,,,,,,,,,,,,,,,,,,,,,,,,,,,,,623.24,,,,,,,,,,174.97,117.32,95.64,96.24,53.69,68.63,142.31,170.98,
Sierra Leone,SLE,"Incidence of malaria (per 1,000 population at risk)",SH.MLR.INCD.P3,,,,,,,,,,,,,,,,,,,,,,,,,,,,,,,,,,,,,,,,,424.68,,,,,,,,,,469.36,454.75,421.08,392.56,379.08,376.88,378.04,379.71,
El Salvador,SLV,"Incidence of malaria (per 1,000 population at risk)",SH.MLR.INCD.P3,,,,,,,,,,,,,,,,,,,,,,,,,,,,,,,,,,,,,,,,,0.63,,,,,,,,,,0.02,0.01,0.01,0,0,0,0.01,0,
San Marino,SMR,"Incidence of malaria (per 1,000 population at risk)",SH.MLR.INCD.P3,,,,,,,,,,,,,,,,,,,,,,,,,,,,,,,,,,,,,,,,,,,,,,,,,,,,,,,,,,,
Somalia,SOM,"Incidence of malaria (per 1,000 population at risk)",SH.MLR.INCD.P3,,,,,,,,,,,,,,,,,,,,,,,,,,,,,,,,,,,,,,,,,123.64,,,,,,,,,,29.56,24.3,24.36,27.9,31.89,36.98,36.92,36.75,
Serbia,SRB,"Incidence of malaria (per 1,000 population at risk)",SH.MLR.INCD.P3,,,,,,,,,,,,,,,,,,,,,,,,,,,,,,,,,,,,,,,,,,,,,,,,,,,,,,,,,,,
Sub-Saharan Africa (excluding high income),SSA,"Incidence of malaria (per 1,000 population at risk)",SH.MLR.INCD.P3,,,,,,,,,,,,,,,,,,,,,,,,,,,,,,,,,,,,,,,,,313.7412476,,,,,,,,,,261.4545926,247.4577947,240.888869,233.5995668,222.533904,214.0800943,210.022431,209.5326136,
South Sudan,SSD,"Incidence of malaria (per 1,000 population at risk)",SH.MLR.INCD.P3,,,,,,,,,,,,,,,,,,,,,,,,,,,,,,,,,,,,,,,,,291.16,,,,,,,,,,192.72,185.62,168.08,152.73,144.72,151.95,142.2,141.68,
Sub-Saharan Africa,SSF,"Incidence of malaria (per 1,000 population at risk)",SH.MLR.INCD.P3,,,,,,,,,,,,,,,,,,,,,,,,,,,,,,,,,,,,,,,,,313.7412476,,,,,,,,,,261.4545926,247.4577947,240.888869,233.5995668,222.533904,214.0800943,210.022431,209.5326136,
Small states,SST,"Incidence of malaria (per 1,000 population at risk)",SH.MLR.INCD.P3,,,,,,,,,,,,,,,,,,,,,,,,,,,,,,,,,,,,,,,,,,,,,,,,,,,,,,,,,,,
Sao Tome and Principe,STP,"Incidence of malaria (per 1,000 population at risk)",SH.MLR.INCD.P3,,,,,,,,,,,,,,,,,,,,,,,,,,,,,,,,,,,,,,,,,230.69,,,,,,,,,,15.68,47.21,68.62,49.41,9.17,10.52,11.2,10.96,
Suriname,SUR,"Incidence of malaria (per 1,000 population at risk)",SH.MLR.INCD.P3,,,,,,,,,,,,,,,,,,,,,,,,,,,,,,,,,,,,,,,,,162.83,,,,,,,,,,22.03,9.82,4.49,9.1,4.95,0.99,0.92,0.48,
Slovak Republic,SVK,"Incidence of malaria (per 1,000 population at risk)",SH.MLR.INCD.P3,,,,,,,,,,,,,,,,,,,,,,,,,,,,,,,,,,,,,,,,,,,,,,,,,,,,,,,,,,,
Slovenia,SVN,"Incidence of malaria (per 1,000 population at risk)",SH.MLR.INCD.P3,,,,,,,,,,,,,,,,,,,,,,,,,,,,,,,,,,,,,,,,,,,,,,,,,,,,,,,,,,,
Sweden,SWE,"Incidence of malaria (per 1,000 population at risk)",SH.MLR.INCD.P3,,,,,,,,,,,,,,,,,,,,,,,,,,,,,,,,,,,,,,,,,,,,,,,,,,,,,,,,,,,
Eswatini,SWZ,"Incidence of malaria (per 1,000 population at risk)",SH.MLR.INCD.P3,,,,,,,,,,,,,,,,,,,,,,,,,,,,,,,,,,,,,,,,,2.65,,,,,,,,,,0.8,1.6,1.61,2.7,1.96,0.43,0.93,1.89,
Sint Maarten (Dutch part),SXM,"Incidence of malaria (per 1,000 population at risk)",SH.MLR.INCD.P3,,,,,,,,,,,,,,,,,,,,,,,,,,,,,,,,,,,,,,,,,,,,,,,,,,,,,,,,,,,
Seychelles,SYC,"Incidence of malaria (per 1,000 population at risk)",SH.MLR.INCD.P3,,,,,,,,,,,,,,,,,,,,,,,,,,,,,,,,,,,,,,,,,,,,,,,,,,,,,,,,,,,
Syrian Arab Republic,SYR,"Incidence of malaria (per 1,000 population at risk)",SH.MLR.INCD.P3,,,,,,,,,,,,,,,,,,,,,,,,,,,,,,,,,,,,,,,,,,,,,,,,,,,,,,,,,,,
Turks and Caicos Islands,TCA,"Incidence of malaria (per 1,000 population at risk)",SH.MLR.INCD.P3,,,,,,,,,,,,,,,,,,,,,,,,,,,,,,,,,,,,,,,,,,,,,,,,,,,,,,,,,,,
Chad,TCD,"Incidence of malaria (per 1,000 population at risk)",SH.MLR.INCD.P3,,,,,,,,,,,,,,,,,,,,,,,,,,,,,,,,,,,,,,,,,220.96,,,,,,,,,,305.76,293.36,262.3,226.93,208.43,194.14,188.18,188.61,
East Asia & Pacific (IDA & IBRD countries),TEA,"Incidence of malaria (per 1,000 population at risk)",SH.MLR.INCD.P3,,,,,,,,,,,,,,,,,,,,,,,,,,,,,,,,,,,,,,,,,7.060975923,,,,,,,,,,6.72911826,5.41472519,6.195720815,4.690609811,4.220186757,3.048069678,3.143995228,3.321005947,
Europe & Central Asia (IDA & IBRD countries),TEC,"Incidence of malaria (per 1,000 population at risk)",SH.MLR.INCD.P3,,,,,,,,,,,,,,,,,,,,,,,,,,,,,,,,,,,,,,,,,,,,,,,,,,,,,,,,,,,
Togo,TGO,"Incidence of malaria (per 1,000 population at risk)",SH.MLR.INCD.P3,,,,,,,,,,,,,,,,,,,,,,,,,,,,,,,,,,,,,,,,,432.5,,,,,,,,,,363.98,351.91,349.85,352.71,363.28,377.65,376.39,370.86,
Thailand,THA,"Incidence of malaria (per 1,000 population at risk)",SH.MLR.INCD.P3,,,,,,,,,,,,,,,,,,,,,,,,,,,,,,,,,,,,,,,,,6.58,,,,,,,,,,2.55,1.94,2.53,2.58,2.92,1.34,1.03,0.84,
Tajikistan,TJK,"Incidence of malaria (per 1,000 population at risk)",SH.MLR.INCD.P3,,,,,,,,,,,,,,,,,,,,,,,,,,,,,,,,,,,,,,,,,9.18,,,,,,,,,,0.04,0.02,0.01,0,0,0,0,0,
Turkmenistan,TKM,"Incidence of malaria (per 1,000 population at risk)",SH.MLR.INCD.P3,,,,,,,,,,,,,,,,,,,,,,,,,,,,,,,,,,,,,,,,,,,,,,,,,,,,,,,,,,,
Latin America & the Caribbean (IDA & IBRD countries),TLA,"Incidence of malaria (per 1,000 population at risk)",SH.MLR.INCD.P3,,,,,,,,,,,,,,,,,,,,,,,,,,,,,,,,,,,,,,,,,14.54427797,,,,,,,,,,6.640584038,4.921672385,4.623470001,4.433855357,3.741625346,4.397399943,5.402094288,7.313507168,
Timor-Leste,TLS,"Incidence of malaria (per 1,000 population at risk)",SH.MLR.INCD.P3,,,,,,,,,,,,,,,,,,,,,,,,,,,,,,,,,,,,,,,,,589.59,,,,,,,,,,550.12,172.15,39.83,8.5,2.75,0.67,0.69,0.16,
Middle East & North Africa (IDA & IBRD countries),TMN,"Incidence of malaria (per 1,000 population at risk)",SH.MLR.INCD.P3,,,,,,,,,,,,,,,,,,,,,,,,,,,,,,,,,,,,,,,,,,,,,,,,,,,,,,,,,,,
Tonga,TON,"Incidence of malaria (per 1,000 population at risk)",SH.MLR.INCD.P3,,,,,,,,,,,,,,,,,,,,,,,,,,,,,,,,,,,,,,,,,,,,,,,,,,,,,,,,,,,
South Asia (IDA & IBRD),TSA,"Incidence of malaria (per 1,000 population at risk)",SH.MLR.INCD.P3,,,,,,,,,,,,,,,,,,,,,,,,,,,,,,,,,,,,,,,,,21.63872061,,,,,,,,,,16.37839492,14.39873977,11.50454075,9.014514823,9.07999898,9.278892311,9.743176441,7.452673529,
Sub-Saharan Africa (IDA & IBRD countries),TSS,"Incidence of malaria (per 1,000 population at risk)",SH.MLR.INCD.P3,,,,,,,,,,,,,,,,,,,,,,,,,,,,,,,,,,,,,,,,,313.7412476,,,,,,,,,,261.4545926,247.4577947,240.888869,233.5995668,222.533904,214.0800943,210.022431,209.5326136,
Trinidad and Tobago,TTO,"Incidence of malaria (per 1,000 population at risk)",SH.MLR.INCD.P3,,,,,,,,,,,,,,,,,,,,,,,,,,,,,,,,,,,,,,,,,,,,,,,,,,,,,,,,,,,
Tunisia,TUN,"Incidence of malaria (per 1,000 population at risk)",SH.MLR.INCD.P3,,,,,,,,,,,,,,,,,,,,,,,,,,,,,,,,,,,,,,,,,,,,,,,,,,,,,,,,,,,
Turkey,TUR,"Incidence of malaria (per 1,000 population at risk)",SH.MLR.INCD.P3,,,,,,,,,,,,,,,,,,,,,,,,,,,,,,,,,,,,,,,,,796.38,,,,,,,,,,0,0,0,0,0,0,0,0,
Tuvalu,TUV,"Incidence of malaria (per 1,000 population at risk)",SH.MLR.INCD.P3,,,,,,,,,,,,,,,,,,,,,,,,,,,,,,,,,,,,,,,,,,,,,,,,,,,,,,,,,,,
Tanzania,TZA,"Incidence of malaria (per 1,000 population at risk)",SH.MLR.INCD.P3,,,,,,,,,,,,,,,,,,,,,,,,,,,,,,,,,,,,,,,,,295.07,,,,,,,,,,142,132.44,119.22,114.39,113.49,112.94,113.68,113.03,
Uganda,UGA,"Incidence of malaria (per 1,000 population at risk)",SH.MLR.INCD.P3,,,,,,,,,,,,,,,,,,,,,,,,,,,,,,,,,,,,,,,,,441.87,,,,,,,,,,339.17,304.5,249.93,197.26,181.29,203.83,203.09,200.66,
Ukraine,UKR,"Incidence of malaria (per 1,000 population at risk)",SH.MLR.INCD.P3,,,,,,,,,,,,,,,,,,,,,,,,,,,,,,,,,,,,,,,,,,,,,,,,,,,,,,,,,,,
Upper middle income,UMC,"Incidence of malaria (per 1,000 population at risk)",SH.MLR.INCD.P3,,,,,,,,,,,,,,,,,,,,,,,,,,,,,,,,,,,,,,,,,3.4931753,,,,,,,,,,2.037266825,1.920810953,1.928664799,1.943822722,1.7675305,1.822492305,2.034984759,2.515148031,
Uruguay,URY,"Incidence of malaria (per 1,000 population at risk)",SH.MLR.INCD.P3,,,,,,,,,,,,,,,,,,,,,,,,,,,,,,,,,,,,,,,,,,,,,,,,,,,,,,,,,,,
United States,USA,"Incidence of malaria (per 1,000 population at risk)",SH.MLR.INCD.P3,,,,,,,,,,,,,,,,,,,,,,,,,,,,,,,,,,,,,,,,,,,,,,,,,,,,,,,,,,,
Uzbekistan,UZB,"Incidence of malaria (per 1,000 population at risk)",SH.MLR.INCD.P3,,,,,,,,,,,,,,,,,,,,,,,,,,,,,,,,,,,,,,,,,5.07,,,,,,,,,,0.1,0,0,0,0,0,0,,
St. Vincent and the Grenadines,VCT,"Incidence of malaria (per 1,000 population at risk)",SH.MLR.INCD.P3,,,,,,,,,,,,,,,,,,,,,,,,,,,,,,,,,,,,,,,,,,,,,,,,,,,,,,,,,,,
"Venezuela, RB",VEN,"Incidence of malaria (per 1,000 population at risk)",SH.MLR.INCD.P3,,,,,,,,,,,,,,,,,,,,,,,,,,,,,,,,,,,,,,,,,4.72,,,,,,,,,,5.78,5.78,6.58,9.65,10.9,16.18,28.17,47.56,
British Virgin Islands,VGB,"Incidence of malaria (per 1,000 population at risk)",SH.MLR.INCD.P3,,,,,,,,,,,,,,,,,,,,,,,,,,,,,,,,,,,,,,,,,,,,,,,,,,,,,,,,,,,
Virgin Islands (U.S.),VIR,"Incidence of malaria (per 1,000 population at risk)",SH.MLR.INCD.P3,,,,,,,,,,,,,,,,,,,,,,,,,,,,,,,,,,,,,,,,,,,,,,,,,,,,,,,,,,,
Vietnam,VNM,"Incidence of malaria (per 1,000 population at risk)",SH.MLR.INCD.P3,,,,,,,,,,,,,,,,,,,,,,,,,,,,,,,,,,,,,,,,,3.52,,,,,,,,,,0.35,0.31,0.36,0.31,0.28,0.16,0.07,0.08,
Vanuatu,VUT,"Incidence of malaria (per 1,000 population at risk)",SH.MLR.INCD.P3,,,,,,,,,,,,,,,,,,,,,,,,,,,,,,,,,,,,,,,,,125.4,,,,,,,,,,66.42,48.17,33.97,21.07,9.39,2.98,15.47,8.22,
World,WLD,"Incidence of malaria (per 1,000 population at risk)",SH.MLR.INCD.P3,,,,,,,,,,,,,,,,,,,,,,,,,,,,,,,,,,,,,,,,,78.86703639,,,,,,,,,,71.72983309,67.7217116,65.89264527,63.27706621,61.19950508,59.45445849,59.29266521,59.12446632,
Samoa,WSM,"Incidence of malaria (per 1,000 population at risk)",SH.MLR.INCD.P3,,,,,,,,,,,,,,,,,,,,,,,,,,,,,,,,,,,,,,,,,,,,,,,,,,,,,,,,,,,
Kosovo,XKX,"Incidence of malaria (per 1,000 population at risk)",SH.MLR.INCD.P3,,,,,,,,,,,,,,,,,,,,,,,,,,,,,,,,,,,,,,,,,,,,,,,,,,,,,,,,,,,
"Yemen, Rep.",YEM,"Incidence of malaria (per 1,000 population at risk)",SH.MLR.INCD.P3,,,,,,,,,,,,,,,,,,,,,,,,,,,,,,,,,,,,,,,,,39.23,,,,,,,,,,61.72,41.95,43.81,35.52,57.16,48.76,37.56,41.89,
South Africa,ZAF,"Incidence of malaria (per 1,000 population at risk)",SH.MLR.INCD.P3,,,,,,,,,,,,,,,,,,,,,,,,,,,,,,,,,,,,,,,,,3.94,,,,,,,,,,1.56,1.89,1.06,1.61,2.15,0.21,0.77,3.97,
Zambia,ZMB,"Incidence of malaria (per 1,000 population at risk)",SH.MLR.INCD.P3,,,,,,,,,,,,,,,,,,,,,,,,,,,,,,,,,,,,,,,,,265.13,,,,,,,,,,156.63,161.1,182.43,221.44,226.29,207.89,204.19,203.32,
Zimbabwe,ZWE,"Incidence of malaria (per 1,000 population at risk)",SH.MLR.INCD.P3,,,,,,,,,,,,,,,,,,,,,,,,,,,,,,,,,,,,,,,,,103.85,,,,,,,,,,98.73,63.44,51.12,72.87,90.13,87.08,58.2,95.22,